URL,validity
https://felenasoft.com,safe
https://sokirkin.com,safe
https://turbify.com,safe
https://pricespider.com,safe
https://roeye.com,safe
https://sportsmans.com,safe
https://pubnation.com,safe
https://techpowerup.com,safe
https://tickpick.com,safe
https://cinecalidad.ec,safe
https://rocketcdn.me,safe
https://redmine.org,safe
https://elmaz.com,safe
https://law.com,safe
https://ask.com,safe
https://apc.com,safe
https://postermywall.com,safe
https://mercury.com,safe
https://5movierulz.vu,safe
https://authorize.net,safe
https://hiphopdx.com,safe
https://photoroom.com,safe
https://ezgif.com,safe
https://bakbitionb.com,safe
https://united-arrows.co.jp,safe
https://marutisuzuki.com,safe
https://macys.com,safe
https://uni-potsdam.de,safe
https://puc-rio.br,safe
https://99exch.com,safe
https://medline.com,safe
https://dropcam.com,safe
https://w.org,safe
https://acg.gg,safe
https://coolors.co,safe
https://donaldjtrump.com,safe
https://vxxx.com,safe
https://sokmil.com,safe
https://rockpapershotgun.com,safe
https://motphim.zip,safe
https://odu.edu,safe
https://freep.com,safe
https://panopto.com,safe
https://packetshare.io,safe
https://linguee.com,safe
https://apachelounge.com,safe
https://elespectador.com,safe
https://eetimes.com,safe
https://fairmont.com,safe
https://vc.ru,safe
https://pcapredict.com,safe
https://vudu.com,safe
https://pluralsight.com,safe
https://quip.com,safe
https://cdkeys.com,safe
https://nicusa.com,safe
https://optum.com,safe
https://chevron.com,safe
https://informs.org,safe
https://universe.com,safe
https://flashscore.com.br,safe
https://globalcloudteam.com,safe
https://bucknell.edu,safe
https://boomstream.com,safe
https://quora.com,safe
https://lewrockwell.com,safe
https://vin.com,safe
https://udzpel.com,safe
https://statscore.com,safe
https://chatpia.jp,safe
https://c212.net,safe
https://1gt.ru,safe
https://csu.edu.au,safe
https://nhl.com,safe
https://d-zone.ca,safe
https://ableton.com,safe
https://animeonline.ninja,safe
https://braiins.com,safe
https://sprint.com,safe
https://nghttp2.org,safe
https://clipro.tv,safe
https://ie.edu,safe
https://uipath.com,safe
https://t3.com,safe
https://carfax.eu,safe
https://phone.com,safe
https://sat.co.id,safe
https://unleashed.be,safe
https://cpj.org,safe
https://vidu.com,safe
https://thryv.com,safe
https://eslgaming.com,safe
https://americanthinker.com,safe
https://relevo.com,safe
https://kbhgames.com,safe
https://tado.com,safe
https://flashscorekz.com,safe
https://sciencealert.com,safe
https://rdstation.com.br,safe
https://pretty-fly4.com,safe
https://reading.ac.uk,safe
https://pca.st,safe
https://tekmetric.com,safe
https://ediblearrangements.com,safe
https://x5.ru,safe
https://hostgator.mx,safe
https://trueconf.com,safe
https://blog2learn.com,safe
https://fastcodesign.com,safe
https://e1.ru,safe
https://cbs8.com,safe
https://cloudimg.io,safe
https://tubegalore.com,safe
https://eatright.org,safe
https://x-x-x.tube,safe
https://beeg.com,safe
https://rutube.ru,safe
https://hbomax.com,safe
https://mercadopago.com.mx,safe
https://sheffield.ac.uk,safe
https://storiesig.info,safe
https://factmag.com,safe
https://semver.org,safe
https://holidaycheck.de,safe
https://evri.com,safe
https://itpro.com,safe
https://art.pl,safe
https://japantoday.com,safe
https://queensu.ca,safe
https://okezone.com,safe
https://truyenfull.bio,safe
https://cafelog.com,safe
https://planetradio.co.uk,safe
https://huan.tv,safe
https://monday.com,safe
https://cvut.cz,safe
https://unsri.ac.id,safe
https://telegram.me,safe
https://acx.com,safe
https://whatwg.org,safe
https://ora.com,safe
https://getpostman.com,safe
https://deliveryhero.net,safe
https://hetzner.com,safe
https://gree.net,safe
https://inlinemanual.com,safe
https://buzzhubspot.com,safe
https://clicrbs.com.br,safe
https://vigo.ru,safe
https://nbcbayarea.com,safe
https://nettiauto.com,safe
https://jivo.ru,safe
https://raceroster.com,safe
https://pullandbear.com,safe
https://plentific.com,safe
https://sport1.de,safe
https://bluecava.com,safe
https://smartproxy.com,safe
https://sfu.ca,safe
https://efortuna.ro,safe
https://fullstory.com,safe
https://thestreet.com,safe
https://bluecoat.com,safe
https://linovelib.com,safe
https://pornid.name,safe
https://devowl.io,safe
https://groupme.com,safe
https://dickblick.com,safe
https://modulate.ai,safe
https://claro.com.br,safe
https://xataka.com.mx,safe
https://rocket.com,safe
https://blogspot.in,safe
https://battwo.com,safe
https://podchaser.com,safe
https://mdanderson.org,safe
https://creditonebank.com,safe
https://grandstream.com,safe
https://klerk.ru,safe
https://crateandbarrel.com,safe
https://cardgames.io,safe
https://halifax-online.co.uk,safe
https://davidsbridal.com,safe
https://groups.io,safe
https://lottiefiles.com,safe
https://bitcoin.org,safe
https://eurogamer.net,safe
https://bluesystem.me,safe
https://verisign.com,safe
https://spbu.ru,safe
https://tekta.com,safe
https://shoutcast.com,safe
https://ideal.es,safe
https://ezoic.net,safe
https://mypoints.com,safe
https://buddypress.org,safe
https://arin.net,safe
https://visualstudio.com,safe
https://bnf.fr,safe
https://noom.com,safe
https://negocio.site,safe
https://nordkurier.de,safe
https://daimler.com,safe
https://atol.ru,safe
https://deine-tierwelt.de,safe
https://sh.gov.cn,safe
https://gazzetta.it,safe
https://hawaiianairlines.com,safe
https://easemytrip.com,safe
https://xmasti.net,safe
https://flashscore.es,safe
https://play.works,safe
https://myjetbrains.com,safe
https://mysanantonio.com,safe
https://postimees.ee,safe
https://publico.pt,safe
https://nejm.org,safe
https://privatehost.com,safe
https://vl.ru,safe
https://remove.bg,safe
https://aau.dk,safe
https://amazon.in,safe
https://skechers.com,safe
https://chollometro.com,safe
https://dmu.ac.uk,safe
https://postaffiliatepro.com,safe
https://sophi.io,safe
https://dji.com,safe
https://citrt.ru,safe
https://iwhop.com,safe
https://pubwise.io,safe
https://qmul.ac.uk,safe
https://niemanlab.org,safe
https://moddb.com,safe
https://telekom-dienste.de,safe
https://hosteurope.de,safe
https://krea.ai,safe
https://theregister.co.uk,safe
https://link.com,safe
https://mattel.com,safe
https://watch-movies.com.pk,safe
https://xnalgas.com,safe
https://mayerbrown.com,safe
https://greengeeks.com,safe
https://geeksforgeeks.org,safe
https://usenix.org,safe
https://nikonusa.com,safe
https://auto-motor-und-sport.de,safe
https://contentstack.com,safe
https://sparkpost.com,safe
https://openart.ai,safe
https://vanguard.com,safe
https://savvymoney.com,safe
https://remaker.ai,safe
https://feedly.com,safe
https://mechacomic.jp,safe
https://linternaute.com,safe
https://kvint.io,safe
https://hellowork.com,safe
https://onesignal.com,safe
https://kmv.ru,safe
https://bootstrapcdn.com,safe
https://helpscout.com,safe
https://wpbakery.com,safe
https://pornohirsch.net,safe
https://olimpbet.kz,safe
https://tiaa-cref.org,safe
https://idealmedia.io,safe
https://shutterstock.com,safe
https://some-tools.com,safe
https://oregonlive.com,safe
https://idealista.it,safe
https://symfony.com,safe
https://rtl.be,safe
https://happy-gambler.com,safe
https://first-colo.net,safe
https://harpercollins.com,safe
https://narrative.io,safe
https://pornone.com,safe
https://gatech.edu,safe
https://mydealz.de,safe
https://cloudinary.com,safe
https://kenh14.vn,safe
https://hubpages.com,safe
https://electricitymap.org,safe
https://warwick.ac.uk,safe
https://bg3.wiki,safe
https://tatarstan.ru,safe
https://fasteasy.io,safe
https://ifortuna.sk,safe
https://sci-hub.se,safe
https://iihs.org,safe
https://sexosintabues30.com,safe
https://bostonspo.com,safe
https://novonordisk.com,safe
https://sellwild.com,safe
https://nicovideo.jp,safe
https://interactivebrokers.com,safe
https://sazka.cz,safe
https://xhtotal.com,safe
https://wimbledon.com,safe
https://investis.com,safe
https://dermnetnz.org,safe
https://elgoog.im,safe
https://hanbiro.com,safe
https://k8slens.dev,safe
https://osce.org,safe
https://b-port.com,safe
https://geogebra.org,safe
https://feefo.com,safe
https://astrobl.ru,safe
https://getcomposer.org,safe
https://t-dx.com,safe
https://podolyaka.ru,safe
https://pgammedia.com,safe
https://mjt.lu,safe
https://www.gov.br,safe
https://free.fr,safe
https://ffkolkata.org,safe
https://superbet.pl,safe
https://turfoo.fr,safe
https://adsco.re,safe
https://mingpao.com,safe
https://webtoons.com,safe
https://videonow.ru,safe
https://101xp.com,safe
https://fireeye.com,safe
https://wwnorton.com,safe
https://klops.ru,safe
https://artforum.com,safe
https://listennotes.com,safe
https://bithumb.com,safe
https://activehosted.com,safe
https://mmcdn.com,safe
https://richaudience.com,safe
https://blocklist.de,safe
https://sddan.com,safe
https://se.com,safe
https://cnsnews.com,safe
https://yougov.com,safe
https://bollyflix.kids,safe
https://yanhh3d.tv,safe
https://rfa.org,safe
https://primamedia.ru,safe
https://boyfriendtv.com,safe
https://utk.edu,safe
https://ucc.ie,safe
https://lojasrenner.com.br,safe
https://vwgroup.com,safe
https://magnit.ru,safe
https://hltv.org,safe
https://cashify.in,safe
https://thebodyshop.com,safe
https://pingtest.net,safe
https://superhuman.com,safe
https://nykaafashion.com,safe
https://bms.com,safe
https://cleanbrowsing.org,safe
https://cgiar.org,safe
https://reasonsecurity.com,safe
https://sportal.bg,safe
https://cbp.gov,safe
https://roche.com,safe
https://openldap.org,safe
https://bringatrailer.com,safe
https://kir2kos.net,safe
https://grafana.com,safe
https://ollama.com,safe
https://macour.jp,safe
https://google.com.jm,safe
https://kugou.net,safe
https://wikitravel.org,safe
https://dailyhunt.in,safe
https://conservation.org,safe
https://pornid.xxx,safe
https://ateve.ru,safe
https://idealo.de,safe
https://espn.com.ve,safe
https://dailymail.co.uk,safe
https://hoanghamobile.com,safe
https://vivareal.com.br,safe
https://sense.com,safe
https://nap.edu,safe
https://goodmorningamerica.com,safe
https://cert.ee,safe
https://eventscloud.com,safe
https://safeway.com,safe
https://affirm.com,safe
https://uncutclip.org,safe
https://hivestreaming.com,safe
https://sciencebasedtargets.org,safe
https://whirlpool.com,safe
https://sascdn.com,safe
https://techxplore.com,safe
https://thefederalist.com,safe
https://wichita.edu,safe
https://funshion.com,safe
https://flo.health,safe
https://digmawifi.com,safe
https://alimama.com,safe
https://chaoxing.com,safe
https://mirtv.ru,safe
https://kompoz2.com,safe
https://thecrimson.com,safe
https://mistore.jp,safe
https://ambientweather.net,safe
https://sonicdrivein.com,safe
https://cms-hosting.ru,safe
https://javhd.today,safe
https://alp.ru,safe
https://11zon.com,safe
https://ikiru.world,safe
https://yamaha-motor.eu,safe
https://nerdist.com,safe
https://epicgames.com,safe
https://fpo.xxx,safe
https://eporner.com,safe
https://weibo.cn,safe
https://spacenews.com,safe
https://minhngoc.net.vn,safe
https://made.porn,safe
https://encancha.cl,safe
https://tiktok.com,safe
https://sipri.org,safe
https://rev.com,safe
https://politie.nl,safe
